body_type,skin_type,digestion,sleep_pattern,energy_levels,metabolism,mood_tendency,food_preference,activity_level,dosha
2,0,2,2,0,2,0,2,2,0
0,0,0,2,2,1,0,0,0,2
0,1,1,1,1,2,1,1,0,1
2,1,1,1,1,1,0,1,0,2
2,0,1,2,1,2,0,1,0,0
0,0,2,2,1,1,0,2,2,0
0,2,0,1,0,0,0,1,2,0
2,2,1,2,1,0,2,1,2,1
0,1,1,2,1,1,1,2,1,1
2,0,1,2,1,0,2,2,1,0
2,0,2,1,1,0,1,0,2,1
0,0,2,1,0,0,1,2,2,0
1,0,2,0,2,1,0,0,0,0
2,0,0,1,1,2,0,2,2,0
0,1,2,2,0,0,2,0,2,2
0,1,2,2,2,2,2,0,2,1
2,2,2,0,0,0,0,0,0,0
2,0,0,2,2,1,2,1,0,0
2,0,1,0,1,2,0,1,2,0
0,0,0,0,2,0,1,1,0,2
0,2,2,0,1,0,0,0,2,1
1,0,1,2,2,1,0,1,2,0
1,1,2,0,0,0,2,2,0,2
2,1,2,0,1,2,2,1,1,1
2,2,1,2,0,2,2,0,0,2
2,2,2,2,0,0,1,1,2,1
1,1,0,1,2,1,0,1,0,1
0,2,2,0,2,2,1,2,0,1
1,1,1,0,0,2,2,1,0,2
1,0,2,0,1,1,1,0,2,0
2,2,1,1,2,1,2,2,0,2
1,0,0,0,2,2,2,1,0,2
1,0,2,0,2,0,0,1,0,2
1,1,1,2,1,2,0,2,0,1
0,2,0,0,0,0,1,2,1,2
2,1,2,0,2,2,1,0,1,0
1,1,1,2,0,2,1,0,2,0
1,1,2,0,2,0,0,1,2,2
0,2,2,0,2,0,1,0,1,2
0,2,2,0,0,1,0,0,0,2
1,1,0,0,2,0,0,2,0,2
2,1,1,1,0,0,0,2,0,0
1,1,2,2,2,2,2,2,0,1
1,1,2,0,2,2,2,0,2,2
0,1,2,0,2,2,1,1,1,0
1,2,2,0,1,0,0,1,2,1
2,0,2,1,0,1,2,0,1,2
2,0,2,1,2,2,0,1,1,2
1,1,0,2,2,0,2,2,2,0
1,1,2,2,0,0,1,0,0,1
1,2,0,2,0,1,2,1,1,0
2,0,0,0,1,2,2,2,0,1
2,0,1,0,1,0,1,2,2,1
2,0,2,1,0,1,1,0,2,2
0,2,0,1,1,2,2,0,0,1
0,2,0,1,2,2,0,1,2,2
0,0,0,0,2,2,1,0,1,0
1,0,1,0,0,2,1,0,2,1
0,2,0,1,0,0,0,2,1,1
2,0,2,0,0,0,2,0,2,0
0,1,0,0,2,0,1,1,1,1
0,1,1,0,0,1,2,2,1,0
1,0,2,0,1,0,1,1,0,2
1,0,1,1,2,1,1,2,0,0
1,1,0,0,0,0,2,0,2,0
1,2,2,2,1,0,0,2,0,0
0,0,2,1,2,2,1,0,0,2
0,2,0,1,0,0,0,2,2,0
1,1,1,2,1,1,2,0,2,2
2,2,1,1,2,2,0,1,0,2
2,1,0,2,1,1,1,2,0,1
2,1,1,1,1,0,0,2,1,2
0,2,2,1,0,2,1,1,1,2
0,2,0,0,1,0,1,1,2,0
1,1,0,0,1,1,2,2,0,1
2,1,2,1,2,1,0,2,2,2
2,1,2,1,2,2,1,1,0,1
0,0,2,0,1,2,1,2,2,2
2,0,0,1,1,1,1,0,0,0
2,2,1,2,2,0,2,1,2,2
0,0,1,2,1,1,1,2,2,2
0,1,2,0,2,1,1,2,0,2
2,0,1,2,2,2,1,2,0,0
2,1,0,0,0,1,2,1,1,2
2,2,2,1,0,1,1,2,1,0
0,0,2,0,0,1,0,2,2,0
0,2,2,1,2,1,2,2,1,2
0,0,1,1,1,0,1,2,0,1
0,1,0,1,2,1,2,1,1,0
0,1,0,2,2,0,2,2,1,2
0,2,0,0,0,1,2,1,1,1
0,0,1,2,2,1,0,2,2,0
2,2,1,1,2,0,0,1,0,1
0,1,2,2,2,0,0,1,1,1
0,0,1,0,0,2,0,0,1,2
0,2,1,0,1,2,2,0,2,1
1,0,1,1,2,2,2,0,0,2
1,2,2,0,0,2,2,1,2,0
2,1,0,0,0,2,2,0,0,2
1,2,1,1,2,1,1,1,0,1
0,1,0,2,0,2,1,2,1,1
1,0,1,0,1,1,0,2,0,1
0,2,1,1,2,2,1,1,0,1
0,1,0,1,0,1,0,0,1,2
2,1,1,2,0,0,1,0,2,2
2,2,0,2,2,0,0,1,1,0
0,2,0,2,2,2,0,2,0,1
1,2,1,0,2,1,0,2,1,2
2,2,0,0,1,0,2,2,2,1
1,1,0,2,2,1,1,2,2,2
1,2,1,2,0,1,2,2,0,2
0,1,1,1,2,0,1,2,1,0
0,1,1,1,0,2,2,1,2,0
2,2,1,2,0,1,2,2,2,0
0,1,1,0,2,1,1,0,2,2
1,2,2,1,2,2,1,1,0,1
2,1,1,2,0,1,2,0,0,1
2,2,1,2,0,1,2,1,2,0
1,0,1,0,2,2,1,2,1,2
0,2,0,2,1,1,0,1,1,1
0,2,1,0,1,1,1,2,1,2
1,2,0,0,0,0,2,1,1,2
0,0,1,2,1,0,1,2,1,1
2,1,0,1,0,1,2,0,1,0
1,0,2,2,1,2,0,0,2,0
2,2,1,2,0,2,2,0,0,2
0,0,1,2,2,2,2,1,2,2
1,1,0,2,0,0,0,0,0,0
2,1,0,0,1,1,1,1,2,1
0,0,1,1,0,0,0,0,0,1
0,0,1,2,1,2,0,0,0,2
0,0,1,0,0,2,2,1,0,2
2,2,2,1,2,0,2,1,2,2
0,0,1,2,1,0,0,0,1,2
0,0,1,1,2,2,2,2,1,0
0,1,1,0,0,0,1,1,2,1
1,2,1,2,2,0,0,2,1,0
1,2,1,2,2,2,0,1,1,0
0,1,1,0,2,0,1,1,0,0
1,0,1,0,2,1,2,1,1,2
1,2,0,1,0,2,0,1,1,1
2,0,2,0,2,0,1,1,1,1
0,2,0,0,1,1,0,0,0,1
1,2,2,0,0,2,0,1,2,2
1,1,1,1,2,0,2,2,2,1
2,0,1,0,2,2,2,1,2,2
0,2,0,0,2,0,2,2,0,2
1,2,0,1,2,1,0,2,2,1
0,2,1,2,0,2,1,2,2,1
1,1,1,1,0,2,2,0,2,1
0,0,0,0,1,2,1,2,0,2
1,1,0,0,1,1,0,1,0,0
0,2,0,2,1,0,1,2,0,0
1,2,2,0,2,2,2,1,0,2
2,0,2,2,1,2,0,2,2,0
2,2,2,1,2,1,2,2,2,2
1,0,0,0,1,0,0,0,2,0
2,0,0,0,0,0,2,1,2,2
0,0,2,2,1,1,2,1,0,0
2,2,2,0,0,2,1,0,1,1
1,0,1,1,1,2,1,0,2,1
1,0,0,1,2,2,2,2,1,0
0,0,1,0,1,0,2,2,2,1
1,0,2,1,0,1,1,2,1,1
2,2,0,0,2,0,0,2,1,0
0,1,1,2,0,1,1,0,1,1
0,2,0,1,0,1,2,2,0,1
1,0,2,0,0,0,1,2,1,2
1,2,0,1,2,0,0,0,0,1
2,1,0,2,0,1,2,1,2,0
1,1,0,1,2,0,1,2,1,2
2,2,0,1,2,1,2,2,0,2
2,0,1,2,1,0,0,2,0,0
0,1,0,0,1,0,2,2,1,0
1,0,1,2,1,1,0,0,2,0
0,1,2,1,0,1,2,2,1,2
2,1,0,1,1,2,1,1,0,1
1,1,2,1,2,1,2,1,0,2
0,1,1,0,1,0,0,1,1,0
2,0,2,0,1,2,1,1,2,1
0,0,0,2,1,1,2,0,0,2
0,2,1,1,2,0,1,2,0,0
1,2,2,2,2,2,0,0,1,1
0,1,1,1,0,2,0,0,1,2
0,0,2,0,1,2,0,2,0,0
1,1,2,1,1,0,0,1,2,1
1,2,1,1,1,2,1,1,0,1
2,0,0,1,2,1,0,1,1,2
1,1,1,2,1,2,1,2,2,1
1,2,2,0,2,2,1,2,2,1
2,2,0,1,0,0,0,0,2,1
1,0,1,1,0,2,2,0,0,2
2,0,2,2,2,1,0,2,0,2
0,1,0,0,2,1,2,1,1,0
1,1,2,0,1,1,2,1,1,0
0,1,1,2,2,2,0,1,0,0
1,1,0,2,1,0,2,2,0,2
1,2,1,0,2,1,0,2,1,2
0,2,2,1,1,2,0,1,2,0
1,2,1,1,0,0,1,0,0,1
1,0,1,2,2,1,0,2,1,1
1,2,1,2,2,0,2,2,2,2
2,1,1,0,1,0,2,2,1,2
1,1,0,2,0,2,2,0,1,2
0,2,1,2,2,1,1,0,0,0
2,1,0,2,2,0,1,1,2,2
0,2,2,2,0,1,1,0,2,2
2,0,1,1,2,2,1,0,2,1
1,0,1,2,2,2,1,2,0,1
1,1,2,2,2,0,0,2,1,1
1,0,1,2,2,0,2,0,2,1
2,0,1,0,0,0,1,1,1,0
0,1,0,1,0,1,1,1,2,2
0,2,0,1,0,2,2,1,1,2
1,2,1,1,1,2,0,0,1,2
0,2,1,0,2,2,0,2,1,0
1,2,2,0,1,0,2,2,1,2
0,2,0,0,1,0,2,2,2,0
2,2,1,1,1,2,0,0,0,2
1,1,2,1,2,0,0,2,2,1
2,1,1,1,0,0,0,0,2,0
0,1,2,2,2,0,0,1,1,2
0,2,0,1,0,2,1,1,2,0
0,1,2,0,2,0,2,0,0,0
2,0,1,0,2,2,1,0,1,0
2,0,0,0,2,1,1,0,2,2
2,0,1,1,1,2,1,2,0,2
2,1,1,2,0,0,2,0,1,1
2,2,1,2,1,2,2,2,1,1
1,0,0,0,0,1,2,0,1,1
0,1,0,1,2,2,1,1,1,2
2,0,0,2,0,1,0,2,2,0
1,1,1,2,0,1,0,1,1,1
2,0,2,1,2,0,0,2,0,2
2,0,1,1,0,2,1,0,2,0
0,0,2,0,0,0,2,0,1,1
1,0,2,0,1,2,1,1,2,1
1,0,1,1,1,1,0,2,1,0
0,2,0,2,2,0,2,2,2,0
0,1,1,1,0,1,2,0,1,2
0,2,0,2,2,0,1,2,0,0
0,1,0,2,1,2,0,2,1,1
0,2,2,2,2,2,0,2,0,0
0,2,0,0,0,2,2,0,2,2
0,1,2,0,2,0,1,1,2,0
0,0,2,1,2,2,2,0,2,0
0,2,0,1,2,2,0,1,2,1
1,1,1,1,0,1,0,2,0,1
1,2,0,0,1,1,0,1,0,1
2,0,2,2,2,2,1,2,2,2
1,0,2,0,0,0,0,2,0,1
2,2,0,0,1,0,0,2,0,1
1,0,0,2,0,2,2,1,1,1
1,0,1,2,0,0,2,1,2,0
0,1,1,1,1,2,2,2,0,2
2,0,1,2,1,2,0,1,2,0
1,1,0,0,0,2,2,0,0,2
1,2,2,1,2,0,2,1,2,2
0,2,0,0,0,1,1,1,0,0
2,1,2,0,1,0,1,2,1,1
0,0,0,0,1,0,1,1,0,0
0,2,0,2,1,1,2,2,0,0
0,0,1,1,2,1,2,1,2,1
0,2,2,1,0,0,2,1,2,0
2,1,1,0,0,1,0,0,0,2
2,0,1,2,0,0,0,2,2,0
0,0,0,1,2,2,0,1,0,1
2,2,0,2,0,0,1,2,1,2
2,1,2,2,0,0,1,0,1,1
1,0,2,0,0,1,1,1,1,2
0,2,2,2,0,0,2,1,0,0
1,2,2,1,2,0,2,1,1,2
2,0,1,2,1,2,1,0,2,1
0,0,2,2,1,0,2,1,2,1
1,0,0,0,2,1,2,1,1,1
1,2,0,1,2,2,0,2,0,0
0,1,1,1,2,2,0,1,1,0
1,2,0,1,0,2,1,2,1,0
0,0,1,2,2,2,0,1,2,0
2,1,2,0,1,2,0,0,1,1
2,2,1,2,2,1,1,2,1,2
2,1,0,1,0,0,2,1,2,1
0,2,2,2,2,1,0,2,1,1
0,1,1,2,0,0,2,2,1,1
1,2,0,2,0,0,0,0,0,1
1,0,0,1,2,0,0,0,0,2
2,1,1,2,2,1,0,2,1,1
2,1,2,0,2,1,2,0,0,2
0,2,2,0,1,2,2,2,1,0
2,0,0,1,2,0,0,2,0,0
0,0,2,0,1,1,0,2,0,2
1,0,1,2,2,2,0,1,2,0
2,1,1,1,1,0,0,2,1,1
2,2,0,2,0,2,0,0,2,1
1,1,1,0,0,2,2,2,1,2
0,1,0,0,1,2,2,1,2,0
1,1,1,2,0,2,2,1,1,2
2,2,0,0,2,0,2,1,1,2
2,2,1,1,0,1,1,0,2,2
2,1,0,0,1,2,0,0,1,1
1,0,1,1,1,2,0,0,0,2
2,1,0,0,0,0,1,1,2,1
1,2,0,0,2,1,2,0,1,2
2,0,0,0,0,0,0,1,2,0
1,2,0,0,1,2,0,0,1,0
0,2,0,2,1,0,0,2,0,0
1,0,0,2,1,1,0,2,2,0
1,0,2,2,2,0,1,1,1,2
1,1,2,1,0,1,1,0,1,2
0,0,2,1,1,0,1,0,0,0
2,0,2,1,2,1,2,0,2,1
0,2,2,1,2,1,2,2,2,2
0,1,1,0,1,2,1,1,2,1
2,1,1,1,1,1,1,0,1,1
1,2,0,1,1,2,1,0,2,0
1,1,0,0,2,2,0,0,0,0
0,0,1,0,2,1,2,0,1,2
0,1,0,0,0,2,0,0,2,1
2,2,0,1,0,0,1,2,2,2
0,1,2,0,1,1,0,0,1,2
1,0,2,2,1,0,1,0,2,1
2,2,2,0,2,1,0,2,2,0
2,2,2,2,2,1,1,2,0,2
2,2,1,2,0,2,0,2,0,2
1,2,2,2,2,2,2,0,2,2
1,1,0,2,0,0,0,1,1,2
0,2,2,2,0,2,1,2,1,1
1,1,1,1,0,2,0,2,2,1
0,0,2,0,1,1,0,1,0,1
1,0,0,0,1,1,0,2,2,0
2,2,0,1,2,0,2,0,0,2
0,0,2,2,2,2,1,2,2,1
1,2,0,0,1,2,2,1,2,2
0,1,1,0,1,2,2,1,1,1
0,0,0,1,0,0,1,0,2,0
2,2,0,2,1,1,2,0,0,0
2,0,1,2,2,0,2,2,2,1
0,1,1,0,0,0,0,2,1,1
0,1,1,0,1,2,0,0,0,0
2,2,1,2,0,0,1,2,1,1
0,2,1,0,2,1,1,2,0,1
0,2,2,1,2,1,1,2,0,1
1,2,1,1,0,0,2,2,2,1
0,0,2,1,2,2,2,1,0,2
0,1,0,0,0,0,2,0,1,1
0,1,2,2,0,2,2,2,0,2
0,1,0,1,2,1,2,0,1,0
1,2,2,2,1,2,1,2,2,2
2,0,2,0,2,1,1,0,0,1
2,1,0,1,2,1,0,0,1,2
0,0,1,0,2,2,1,0,2,0
0,2,2,1,1,1,0,2,1,2
0,2,0,0,1,1,2,2,0,2
1,0,0,2,1,2,0,1,1,2
2,0,0,1,1,0,1,1,1,2
0,0,1,0,1,2,1,0,1,1
1,1,1,0,2,2,1,0,0,2
2,0,1,1,0,2,0,2,1,2
1,0,0,1,1,2,1,2,1,1
1,0,1,0,0,2,1,2,1,2
1,2,0,0,1,2,2,1,0,0
2,1,1,0,1,1,1,2,0,1
2,2,0,1,0,2,1,1,2,2
2,0,2,1,2,1,0,1,1,1
1,0,0,2,1,2,2,0,2,1
2,2,0,2,0,2,0,1,2,1
0,0,0,2,0,2,2,0,0,2
1,2,1,0,1,0,2,0,1,0
2,1,1,2,0,1,1,0,1,1
1,0,2,0,0,0,0,1,0,2
1,2,2,2,2,0,1,0,0,2
2,1,0,1,0,2,2,1,0,2
2,1,2,0,0,0,2,1,0,2
0,0,2,0,2,1,0,1,2,0
1,0,2,1,1,1,1,1,1,1
2,1,2,0,0,1,1,0,0,2
1,2,1,1,0,0,2,1,1,0
2,1,2,2,0,0,1,2,2,0
2,1,1,1,2,0,1,0,1,0
0,1,2,0,0,0,1,1,0,0
2,0,1,1,0,2,0,1,2,0
0,1,2,0,0,2,1,2,2,1
2,2,1,0,1,2,1,2,0,2
1,1,2,0,2,0,2,1,0,2
1,0,0,1,1,1,1,2,0,1
0,0,1,2,2,0,0,0,2,0
2,2,2,1,0,1,1,2,2,2
1,2,2,2,0,1,1,2,2,0
1,0,0,1,0,0,1,1,2,2
1,1,0,1,2,1,0,0,2,2
2,1,0,2,0,0,1,2,1,1
2,2,1,0,2,0,1,2,1,2
1,1,0,1,2,1,0,2,0,1
0,1,2,1,2,1,0,0,1,2
1,0,2,0,1,1,0,0,2,0
1,1,2,0,0,1,2,1,2,1
2,2,0,0,1,2,1,1,0,2
2,2,1,0,0,1,2,2,1,0
1,1,1,2,1,1,1,0,2,1
0,2,0,0,0,0,1,0,2,0
2,2,2,2,2,1,2,2,1,2
2,1,2,1,0,0,1,0,2,1
2,2,0,1,0,2,1,0,1,1
2,0,1,0,2,1,0,0,2,0
0,2,1,1,2,2,0,1,1,1
1,0,0,2,1,0,1,0,1,1
1,2,2,2,2,0,1,1,1,0
2,1,2,2,2,0,1,1,1,2
0,0,2,1,1,0,1,0,1,1
1,1,0,2,2,2,0,1,0,1
1,2,2,1,2,2,0,2,0,1
1,0,2,2,2,1,0,2,1,0
1,2,2,2,1,2,1,0,2,1
1,0,1,1,1,1,1,1,2,1
2,1,1,0,1,0,0,2,0,2
2,1,0,1,2,2,0,1,0,2
0,2,1,2,0,1,0,1,2,0
2,1,1,1,1,2,0,0,1,2
0,0,1,2,1,0,1,0,0,1
2,1,1,0,1,0,0,1,0,1
2,2,2,2,1,0,1,2,0,1
0,1,2,0,0,0,0,1,2,0
1,2,0,0,2,0,1,1,2,2
1,0,1,0,2,0,1,1,1,1
2,2,2,2,0,0,2,1,1,2
2,0,2,2,1,1,1,1,1,0
2,2,1,1,0,2,2,0,1,0
0,0,1,1,2,0,0,2,1,2
0,1,2,0,2,2,2,1,1,0
1,1,0,0,2,2,0,1,2,1
1,2,2,0,0,0,2,0,0,1
2,0,2,0,2,0,2,2,1,0
1,1,0,2,2,1,2,2,2,0
2,1,1,1,0,1,0,1,2,2
0,1,2,0,0,2,0,1,0,2
2,0,1,0,2,1,0,1,1,1
1,2,1,2,1,1,2,2,0,1
1,2,1,1,2,0,2,1,1,2
1,1,0,0,1,0,0,2,1,0
0,2,2,2,1,2,1,0,1,1
2,1,1,0,0,1,2,0,2,0
2,1,0,2,2,0,0,2,0,1
0,2,1,1,0,1,0,1,0,1
2,2,1,0,2,1,0,1,0,2
2,0,2,1,1,0,1,1,1,1
1,2,2,0,0,2,0,1,2,2
0,0,2,1,1,2,0,0,1,1
2,0,2,2,2,1,1,0,0,2
2,1,0,0,2,0,0,2,1,2
0,2,0,1,2,1,1,0,2,0
0,0,1,2,2,1,2,0,2,1
2,0,0,1,1,2,0,1,1,2
1,0,0,0,1,2,0,2,2,0
1,2,2,2,1,1,0,1,0,2
1,1,2,0,2,2,2,1,1,1
1,2,1,0,1,1,0,2,1,2
0,2,1,1,0,2,2,1,1,2
2,2,1,2,0,0,2,1,2,0
1,1,1,2,2,2,1,2,1,1
0,0,0,0,0,2,0,0,0,2
0,1,0,0,2,2,2,0,0,1
0,1,0,1,0,1,2,1,0,2
1,1,0,1,2,1,0,1,0,1
0,0,1,1,1,0,2,0,1,2
1,0,0,2,2,0,2,2,2,1
2,0,2,2,1,1,1,2,2,0
2,1,2,2,1,1,1,1,0,1
2,1,2,2,1,1,0,1,1,2
0,2,0,0,1,0,0,2,1,0
0,0,0,0,0,2,1,2,2,2
2,2,0,1,0,1,2,1,1,0
1,1,1,0,2,2,0,1,0,0
2,2,0,2,2,2,1,2,1,1
2,1,0,2,1,2,2,2,0,0
2,2,2,2,0,1,0,0,0,2
2,2,1,2,0,1,2,0,1,1
1,1,0,1,1,1,0,1,0,2
2,2,1,2,1,2,0,1,1,1
1,2,2,1,1,0,0,2,1,0
1,0,1,2,1,2,2,2,1,2
2,0,2,1,0,0,1,1,2,1
1,2,0,1,2,2,0,0,2,2
0,0,1,0,2,1,0,0,1,0
2,0,2,1,1,2,1,1,2,0
0,0,2,2,0,1,1,2,2,2
0,2,1,2,2,0,1,1,0,2
0,0,0,0,2,0,2,0,2,0
0,2,1,2,1,0,0,2,2,1
0,0,1,1,2,1,2,2,1,2
1,2,0,2,1,2,1,1,1,1
0,1,2,1,1,1,2,0,1,1
0,1,0,2,0,0,2,0,1,0
2,1,2,1,2,0,0,2,0,1
1,2,1,2,2,1,1,0,2,0
0,2,0,1,2,1,1,2,2,0
2,1,2,1,0,2,1,2,2,0
0,2,2,0,2,1,0,0,0,1
2,1,1,2,2,2,0,2,1,1
2,1,2,0,1,0,2,2,0,1
2,2,1,1,1,1,2,0,0,1
0,0,2,0,1,2,0,2,0,2
2,0,2,0,2,2,2,2,0,1
2,2,2,1,1,0,1,2,2,1
0,0,0,1,1,1,1,1,2,2
1,0,2,2,2,2,1,0,1,1
1,2,2,2,2,1,0,0,1,1
0,1,0,0,2,1,1,0,2,0
1,0,0,2,1,0,2,0,0,2
1,0,0,1,0,1,0,2,2,0
0,1,0,2,0,2,0,2,0,2
0,0,2,2,2,0,1,2,0,2
0,2,2,2,1,2,2,1,1,1
2,1,0,0,1,0,2,2,1,0
2,2,2,0,0,2,2,1,1,0
1,2,0,0,0,1,0,0,0,1
1,0,2,1,0,0,1,1,1,1
1,2,1,1,1,2,0,0,1,1
0,2,2,2,0,1,1,0,2,0
2,0,0,0,1,0,0,1,0,1
2,1,0,1,0,1,0,2,1,0
2,1,2,1,2,2,2,0,2,0
1,1,0,1,1,0,0,2,2,1
0,1,1,0,0,2,1,1,2,1
2,1,1,2,0,1,0,0,0,0
0,1,2,1,0,0,1,0,1,2
2,0,2,2,0,2,0,1,0,2
2,2,0,2,1,1,2,1,0,1
2,1,2,0,1,0,0,0,0,2
0,0,1,0,0,0,2,1,1,1
0,1,1,1,0,1,1,1,0,1
0,2,2,2,2,2,2,2,0,2
0,0,1,2,0,0,0,2,1,0
0,2,0,1,2,2,2,0,1,2
1,0,2,0,2,2,1,0,1,0
0,2,0,2,2,1,0,1,2,2
2,1,1,1,0,1,1,2,2,2
2,0,2,2,0,2,2,2,1,2
1,0,2,2,2,1,0,0,2,0
0,1,1,1,1,0,0,1,2,1
2,0,0,2,0,0,1,2,0,1
2,2,0,1,1,0,2,1,0,1
1,2,0,1,1,2,0,0,0,1
2,1,1,2,2,2,0,0,1,0
0,0,2,0,1,1,1,2,2,0
0,0,0,1,2,1,2,1,1,1
2,2,2,1,0,2,0,0,0,2
2,0,0,0,2,0,2,1,0,0
2,0,1,0,2,0,1,0,1,0
0,2,1,1,0,2,1,1,2,2
0,2,2,0,2,2,1,1,2,1
0,1,0,1,1,0,0,0,1,1
0,1,0,2,0,1,1,0,0,0
2,1,1,2,2,0,0,0,2,2
2,0,0,0,2,2,2,1,2,0
2,1,0,2,1,0,2,0,1,2
1,1,0,2,1,0,2,0,0,0
2,0,0,2,0,2,0,1,0,2
1,0,1,2,2,0,1,2,2,2
2,0,0,0,0,0,0,0,2,0
1,0,0,1,2,1,1,0,1,1
2,2,2,0,0,0,1,2,1,0
1,0,1,0,0,2,1,2,2,2
2,0,0,0,0,2,1,1,1,1
2,0,0,1,1,1,2,1,1,1
0,2,0,0,2,1,2,0,2,2
2,1,2,1,0,1,1,2,0,2
1,0,0,2,1,2,1,2,1,0
1,0,2,2,2,1,0,2,0,1
0,0,2,2,1,1,2,1,1,0
0,0,1,0,0,2,0,2,0,2
1,0,2,2,0,1,2,2,2,1
2,2,2,1,0,2,2,1,0,2
1,0,2,1,2,2,1,2,0,2
2,2,0,0,2,1,0,0,1,2
2,1,0,0,1,1,1,0,2,1
1,2,2,0,2,0,2,1,1,2
1,0,1,1,2,0,1,2,1,0
2,0,0,1,2,1,1,0,0,0
2,0,1,2,2,2,2,1,1,1
2,0,1,2,1,2,2,1,2,1
2,2,2,0,2,2,1,2,2,0
1,0,0,1,1,0,0,2,0,0
1,0,2,2,1,0,2,1,2,1
0,1,1,0,0,0,1,2,2,1
2,1,1,0,1,2,0,0,0,2
2,1,1,2,1,0,0,2,0,0
2,1,2,0,2,1,1,1,1,0
0,2,1,2,1,1,2,2,0,2
1,1,0,2,2,0,1,0,2,2
0,2,1,2,1,0,1,1,0,1
2,2,2,1,1,2,1,2,2,0
2,0,1,0,0,1,2,0,0,2
2,2,1,2,2,2,1,1,1,0
2,1,0,1,2,0,1,0,0,2
0,0,1,1,1,1,2,2,1,2
0,1,1,0,2,1,2,2,0,0
2,2,2,0,2,0,2,0,0,2
1,2,0,1,0,0,1,0,1,1
2,1,0,2,1,2,1,1,1,1
0,1,1,0,0,0,1,1,1,2
0,2,2,0,1,1,0,2,1,1
1,2,2,1,0,2,1,2,1,0
1,2,0,2,2,1,0,0,2,2
2,0,2,2,2,1,0,2,1,2
2,2,0,0,0,1,2,1,2,0
1,2,0,2,2,0,0,0,1,0
1,1,0,1,1,2,1,2,2,1
1,2,2,2,1,1,0,1,2,2
2,0,1,1,1,0,0,0,2,0
0,1,1,0,1,0,1,0,0,1
2,0,2,1,2,1,1,0,1,1
1,2,1,1,1,2,0,1,0,1
0,1,2,0,0,2,2,2,0,2
0,2,2,1,2,0,2,0,2,2
1,1,0,0,1,1,0,2,2,0
1,2,0,1,2,2,0,2,0,1
0,0,1,1,2,0,0,1,2,0
2,0,1,0,2,2,0,1,1,0
0,0,1,2,0,2,0,0,0,2
1,2,0,0,2,0,2,2,2,2
0,2,1,0,1,2,1,1,0,2
1,1,0,0,0,0,1,2,0,1
2,1,1,0,2,2,1,0,2,2
1,0,0,0,1,2,1,0,2,2
2,2,2,1,1,0,2,0,1,1
0,0,1,2,0,2,1,2,0,2
2,2,0,2,2,1,1,1,0,1
1,0,1,0,1,2,0,2,1,0
1,0,1,1,0,1,1,2,1,1
0,1,0,2,0,0,0,0,1,1
1,0,0,1,1,2,2,2,2,2
2,2,1,1,1,2,0,2,1,2
2,0,0,2,1,1,2,1,2,0
2,0,0,2,1,1,1,2,1,0
2,0,0,1,1,2,1,2,1,0
0,0,0,2,1,0,0,0,0,1
0,0,0,1,0,2,0,0,0,2
1,1,1,2,2,0,1,0,2,1
1,0,0,2,1,0,0,0,1,1
0,0,2,2,2,1,1,1,0,1
2,2,1,2,0,0,2,1,2,0
1,2,2,2,2,1,0,0,0,0
1,2,0,0,1,2,2,0,1,0
1,0,1,0,2,1,0,0,1,1
0,2,2,2,1,1,2,0,1,2
1,2,1,1,2,2,0,2,2,0
0,2,2,2,2,1,1,0,1,1
2,0,2,2,1,2,2,1,0,1
1,1,0,1,0,2,1,1,0,2
2,1,0,0,1,1,2,1,1,1
0,2,0,0,1,0,0,2,2,0
0,0,1,1,1,2,2,2,2,1
0,1,0,2,2,2,1,0,2,2
1,0,2,1,2,0,1,2,1,0
0,0,1,0,0,0,0,0,1,0
1,0,0,1,0,2,1,0,1,0
1,0,0,0,0,0,2,1,0,2
1,1,0,2,0,1,2,1,0,0
1,1,1,0,2,2,2,1,2,1
2,2,0,0,0,0,1,1,2,0
2,1,1,0,1,1,2,2,2,0
0,1,0,1,1,1,0,2,1,2
2,2,1,1,0,0,1,2,2,0
0,0,2,2,2,1,0,0,0,2
2,0,1,0,2,2,1,2,2,0
1,2,0,0,2,0,0,1,2,2
2,1,2,0,1,0,1,0,1,1
0,2,0,0,0,1,1,2,2,1
2,0,0,1,2,1,2,2,0,1
0,0,1,0,1,1,2,1,0,2
1,2,0,0,1,2,1,0,2,1
0,1,0,2,2,1,1,1,2,2
2,2,0,2,1,0,1,2,0,0
1,2,0,1,2,0,0,0,2,0
0,2,2,2,2,2,1,0,2,1
1,2,2,0,0,1,1,1,1,2
1,1,1,0,1,0,1,1,0,1
0,2,0,0,0,2,1,1,0,2
1,0,2,2,0,0,0,0,2,0
2,0,1,1,0,0,0,0,0,0
0,2,2,2,2,2,1,1,1,1
0,2,0,2,2,1,1,1,1,1
0,0,0,0,2,1,1,2,1,1
2,0,0,1,2,0,1,1,2,1
1,0,0,1,2,0,1,0,1,1
2,1,0,0,1,0,2,1,1,0
0,0,2,0,2,0,0,1,1,0
2,1,0,2,2,0,2,0,0,1
2,2,1,1,2,0,1,0,2,1
2,2,0,1,1,1,2,0,2,0
0,1,0,2,2,0,0,1,0,0
2,0,1,0,2,0,1,1,2,1
2,2,2,1,1,1,0,1,1,2
1,1,1,2,1,1,1,0,0,1
0,2,1,1,1,2,2,1,2,0
2,0,2,1,2,0,1,2,0,2
1,0,0,2,2,1,1,0,0,2
2,0,1,1,1,1,2,1,0,0
1,1,0,0,1,2,1,0,1,1
1,1,0,1,0,0,1,0,2,2
1,2,1,1,0,2,2,2,0,2
2,2,1,1,1,0,0,2,1,2
0,2,2,0,0,1,1,2,1,0
2,2,2,0,1,1,2,0,1,2
2,2,1,1,1,1,0,0,2,0
2,0,1,1,2,1,1,0,2,1
2,2,0,1,2,0,1,0,0,1
1,1,2,2,0,1,1,0,1,1
0,2,0,0,1,2,1,2,2,0
0,0,2,0,2,1,0,2,1,1
1,1,2,0,2,1,0,0,2,2
2,2,2,0,1,2,2,2,2,0
1,0,0,2,2,2,2,2,2,0
1,2,0,2,0,2,1,0,1,0
0,0,0,0,2,1,2,1,0,0
0,1,0,1,1,0,0,0,0,1
0,2,2,1,1,1,1,1,1,1
2,1,0,2,1,1,0,2,1,2
1,0,0,1,2,1,2,2,2,1
0,0,0,2,2,1,1,1,1,0
1,2,2,1,0,0,1,0,1,1
1,0,0,0,1,2,0,0,2,0
2,2,0,0,0,0,2,1,1,0
0,2,1,0,1,2,1,2,0,1
1,1,0,1,2,2,0,1,1,1
1,1,0,0,1,0,1,2,0,1
2,1,0,2,1,1,2,0,0,0
2,0,2,0,0,0,2,0,2,2
2,0,1,2,2,2,0,1,1,1
0,2,0,0,0,2,2,0,2,2
0,2,0,2,0,2,2,0,0,2
0,0,0,1,0,0,0,1,1,2
1,0,2,1,2,2,0,0,0,1
0,1,1,1,0,2,1,2,0,2
0,2,0,0,2,0,1,0,2,0
2,0,0,1,1,2,0,1,1,2
1,0,0,1,2,0,1,0,2,2
2,1,1,1,0,0,0,2,2,0
1,1,2,0,1,0,2,0,2,1
1,0,1,0,1,0,0,2,1,0
1,0,2,2,1,0,1,2,2,1
1,2,2,0,0,1,2,1,1,0
2,2,0,1,0,1,0,1,2,2
1,1,2,2,0,0,0,1,2,2
0,0,2,1,1,1,2,1,2,0
1,0,1,1,2,2,1,0,0,0
1,0,2,1,0,2,2,2,0,2
1,0,1,2,0,2,2,1,2,1
2,0,1,1,0,0,1,2,1,1
0,2,2,2,2,2,2,1,2,2
1,1,2,0,1,2,0,0,0,0
0,1,2,1,0,2,1,2,1,1
1,2,1,1,1,1,1,2,2,1
0,0,1,1,1,2,2,1,1,2
1,1,0,2,1,0,0,0,2,1
1,0,1,1,2,2,0,2,2,0
0,2,0,1,1,1,1,2,2,2
1,1,0,0,1,2,2,1,1,0
2,2,2,1,0,2,2,2,2,1
0,0,0,2,2,1,0,2,2,0
0,0,0,0,1,1,0,1,0,2
0,1,1,1,0,0,2,2,2,0
1,0,0,0,0,2,1,1,1,1
0,1,2,2,2,0,2,2,2,0
2,2,0,2,1,1,1,2,1,2
1,2,1,1,0,1,0,2,0,2
1,0,2,2,2,2,1,0,1,0
2,2,2,1,2,2,2,1,1,2
0,2,2,1,0,1,0,1,2,2
1,2,1,2,2,0,0,1,0,0
1,2,1,0,1,2,0,0,1,1
2,2,0,0,1,0,2,1,0,0
0,2,2,1,1,0,0,0,1,2
1,2,0,1,0,1,2,2,2,2
1,0,2,2,0,0,1,1,0,1
1,0,0,2,1,2,1,0,2,1
2,0,0,0,1,0,2,2,1,2
0,1,1,1,2,2,2,0,2,1
1,2,1,2,2,2,2,0,2,2
2,0,0,1,2,0,0,2,0,2
0,0,1,2,1,1,1,0,2,0
2,2,2,0,2,0,2,0,0,2
1,2,0,0,0,1,1,1,1,0
0,1,0,1,2,1,2,1,0,2
0,0,2,1,2,2,2,2,1,2
2,2,2,2,0,0,2,2,0,1
0,2,1,0,1,2,1,0,0,1
0,2,2,0,1,1,1,0,1,0
2,2,2,0,0,0,2,0,0,0
0,2,1,0,0,2,0,0,2,2
2,0,0,2,2,1,2,1,0,1
0,2,0,1,0,2,0,2,0,2
2,0,1,0,2,2,2,1,1,2
0,2,1,2,0,0,0,1,1,2
2,2,2,1,1,1,1,2,2,1
2,1,2,0,1,2,2,1,0,0
0,0,0,0,1,2,0,2,1,2
2,1,0,0,1,1,1,1,2,1
2,0,2,2,0,1,1,2,2,0
0,0,0,1,1,1,1,1,0,1
2,0,2,1,1,2,0,1,0,0
0,0,2,2,0,2,1,1,1,1
2,0,1,1,2,2,1,1,1,2
1,0,1,1,2,2,0,2,0,2
2,2,0,2,0,0,2,2,2,1
0,2,1,2,1,0,1,0,2,1
2,2,0,1,2,1,0,1,1,2
1,2,1,1,0,1,1,2,2,0
2,1,1,1,0,0,2,0,2,2
2,1,2,0,1,0,2,2,1,1
1,2,1,1,0,1,0,1,2,1
2,1,2,0,1,0,0,0,0,1
2,1,2,0,0,2,0,0,0,2
2,1,1,0,2,2,2,1,2,0
2,2,2,0,1,1,1,0,0,2
0,0,0,2,2,1,2,1,2,1
0,1,0,1,1,1,2,1,2,1
1,0,0,0,2,0,1,0,2,1
0,2,1,1,0,2,0,2,2,0
0,0,0,1,2,2,2,0,2,2
2,1,2,1,0,1,2,1,2,0
0,2,0,2,2,2,2,0,1,2
0,1,1,0,1,2,2,0,0,2
0,1,0,0,2,2,1,0,1,1
2,0,2,0,1,2,1,0,1,2
2,1,1,0,1,1,2,0,1,2
2,1,0,1,0,2,2,0,0,2
0,2,1,1,1,2,2,1,1,1
2,0,0,0,0,1,2,2,1,0
2,0,1,0,2,0,0,0,2,0
0,2,1,0,2,1,1,1,1,0
0,2,2,0,0,1,1,2,0,1
0,1,0,1,2,1,0,1,1,1
2,1,1,1,2,1,2,2,1,1
1,1,1,0,1,0,0,0,0,2
1,1,1,2,0,1,1,2,0,0
0,0,1,0,2,1,1,0,1,0
1,1,2,0,1,1,2,2,2,2
1,0,1,1,0,1,2,2,0,0
0,0,0,0,0,2,0,2,2,0
0,1,0,2,2,2,1,1,2,0
0,0,2,2,1,1,2,2,1,2
1,0,0,2,0,1,2,0,2,0
0,1,1,0,2,2,1,2,1,1
0,2,0,1,1,0,1,2,2,0
2,2,2,0,2,1,0,0,0,1
0,0,1,1,0,0,0,0,1,2
2,2,0,2,1,0,1,2,0,0
0,2,2,1,1,2,2,0,1,1
2,2,2,0,0,0,0,0,2,1
2,2,0,0,0,1,2,0,2,2
1,0,1,1,2,1,2,0,2,1
1,0,0,2,2,2,2,0,1,0
0,1,0,1,2,1,1,0,0,0
1,1,0,0,1,1,2,0,1,0
1,1,0,1,2,2,1,1,2,2
0,1,0,1,2,0,2,0,1,1
2,1,1,1,1,2,2,2,2,0
1,2,1,2,1,1,0,0,0,0
2,2,2,0,0,2,1,2,2,2
0,0,2,0,2,1,2,2,1,1
0,1,1,2,0,2,2,0,0,2
0,0,0,2,1,2,0,2,2,0
1,1,0,2,1,0,2,1,1,0
1,0,0,1,0,2,0,1,1,1
0,1,0,0,2,2,2,1,0,0
0,2,0,2,2,0,0,2,1,0
2,0,0,1,2,0,0,1,0,1
0,2,1,0,2,0,1,0,2,1
0,2,1,1,0,0,2,1,0,1
2,0,2,1,2,1,0,2,2,0
0,2,1,0,1,1,1,2,1,1
1,1,2,1,1,1,0,0,1,1
2,0,2,1,1,2,2,1,0,1
1,1,2,0,0,2,0,0,1,1
0,0,1,0,0,0,2,1,1,2
0,1,1,0,1,2,1,0,0,1
2,0,1,2,2,1,2,1,0,1
1,1,0,2,0,0,0,1,0,0
0,1,0,0,2,2,1,2,1,1
1,0,0,2,2,0,1,1,1,1
1,0,0,0,1,0,0,1,0,2
0,0,0,1,0,1,1,1,2,2
2,2,2,2,1,2,1,2,1,1
1,2,1,1,2,2,2,1,0,2
2,0,0,2,0,2,1,2,1,1
1,2,1,1,2,2,1,0,2,2
0,1,1,1,0,0,0,2,0,0
2,2,1,0,1,0,1,0,2,1
0,1,1,1,0,2,1,0,0,2
2,1,2,2,0,0,1,1,2,1
0,2,0,0,0,0,0,2,2,0
0,2,2,2,0,0,1,1,0,2
1,0,2,0,2,0,1,2,2,0
2,2,2,1,1,0,1,1,1,2
0,1,1,2,0,2,0,2,0,2
0,0,2,2,1,0,1,2,0,1
0,1,2,0,1,1,2,2,2,0
2,1,0,0,0,0,2,0,1,0
0,2,2,2,1,0,2,1,0,2
1,1,0,2,2,1,0,1,1,2
0,0,2,2,0,2,0,0,1,0
2,2,0,1,0,2,0,0,1,1
0,2,0,2,2,1,1,2,1,0
1,2,0,2,1,2,0,0,0,0
2,2,0,1,0,1,2,0,1,2
2,2,2,1,1,0,0,1,0,2
2,2,1,1,1,2,0,2,2,2
1,0,2,0,2,1,1,2,2,0
1,2,0,0,1,1,1,1,2,1
1,0,2,1,0,0,1,0,1,2
0,2,0,0,1,0,2,2,2,0
2,1,0,0,0,2,1,2,0,2
2,2,0,2,1,0,1,0,1,0
2,0,2,0,1,1,1,0,2,0
1,1,1,2,1,0,2,0,0,2
0,1,2,0,2,2,0,1,0,1
1,2,1,1,2,2,0,0,0,2
1,0,2,2,2,1,0,1,1,0
2,1,1,1,1,0,0,2,0,1
1,2,1,2,2,1,1,1,2,1
2,0,1,1,2,0,0,0,0,0
1,2,0,0,0,2,2,2,0,2
2,2,2,2,0,1,0,0,1,2
0,2,1,0,1,0,1,0,2,1
0,0,0,0,0,1,0,0,2,0
1,0,0,2,0,0,0,2,2,0
1,0,1,0,1,0,1,2,0,0
1,2,0,2,1,1,1,0,2,0
0,1,0,1,1,0,0,2,2,0
0,0,0,2,2,0,0,2,2,0
1,2,0,1,0,1,2,0,1,0
1,1,2,2,0,2,2,2,1,1
2,0,2,2,0,2,1,0,2,0
1,1,2,1,0,2,0,1,2,2
2,0,1,2,1,2,0,1,0,0
1,2,2,2,2,1,1,2,0,0
2,2,1,0,1,1,0,0,0,1
1,0,1,2,2,1,0,0,0,1
1,1,0,1,1,2,0,2,2,0
0,0,2,1,0,0,0,0,2,0
2,1,2,2,1,1,0,0,1,1
2,0,1,2,2,0,2,2,0,1
0,1,1,2,0,1,0,0,0,1
1,1,0,2,1,0,1,0,0,1
2,0,0,0,0,0,1,0,0,1
0,0,1,1,2,0,1,2,0,2
0,0,1,1,2,1,2,2,1,2
0,2,2,1,2,1,2,1,1,2
1,1,0,2,2,1,0,1,1,2
1,0,2,1,1,0,2,0,2,1
0,1,2,0,0,2,0,0,0,2
2,1,1,1,0,1,1,2,0,2
1,1,1,1,0,1,0,2,1,0
2,2,0,0,2,2,0,0,1,1
1,2,0,0,2,2,0,2,1,1
0,0,1,0,0,1,2,2,1,2
0,0,2,0,2,1,0,2,2,0
1,1,0,0,1,2,2,2,0,2
2,1,2,2,0,2,2,1,2,2
0,0,2,1,1,1,2,0,2,2
2,0,0,0,1,2,1,2,0,2
1,2,0,0,2,0,1,1,1,2
1,0,1,0,2,0,0,1,2,0
2,0,0,1,0,2,0,2,1,1
2,0,1,1,2,1,2,0,0,0
2,0,1,1,1,2,1,2,0,2
1,2,2,1,1,0,2,1,2,1
2,2,0,2,1,2,2,0,0,2
0,2,0,1,2,0,1,1,2,0
0,2,2,2,0,0,0,0,1,0
0,0,1,1,2,2,0,2,1,1
2,1,1,0,0,2,1,1,1,2
2,0,1,2,0,0,0,2,1,0
2,1,1,1,2,0,1,1,2,2
1,2,2,0,0,1,2,2,0,1
0,1,2,0,2,0,0,2,2,1
0,2,2,0,0,1,0,0,0,0
1,1,2,0,1,2,2,0,0,1
2,2,2,2,2,1,2,0,2,2
2,0,1,0,1,0,1,1,1,2
1,2,1,0,2,0,0,2,0,1
0,2,2,2,2,1,2,1,0,2
2,2,1,2,0,1,0,1,0,0
2,0,1,2,1,0,2,1,2,1
0,0,0,2,0,2,2,1,0,2
2,0,1,0,1,2,0,1,0,0
1,2,2,2,0,2,0,2,2,1
1,2,1,2,2,2,0,0,2,1
2,1,2,1,2,1,0,0,0,1
2,2,2,1,0,1,0,0,0,1
0,1,1,2,1,1,2,0,2,0
0,1,2,2,2,1,0,2,2,0
1,2,2,0,2,0,1,2,1,1
1,1,0,1,0,1,1,2,1,2
0,1,2,1,2,1,2,2,1,1
2,0,2,2,0,0,1,1,1,2
1,2,0,0,1,2,0,2,0,1
2,1,2,2,2,2,2,0,1,2
2,2,0,2,1,2,0,1,0,1
0,2,1,2,0,1,1,1,1,0
0,2,2,1,0,0,1,2,1,2
2,0,0,1,0,0,0,2,2,0
1,1,1,2,2,0,2,0,0,0
0,0,2,1,2,1,0,1,1,0
2,1,0,2,0,1,0,1,2,0
2,1,1,2,1,2,2,2,1,0
2,0,0,0,1,1,1,1,0,2
2,0,2,1,0,1,1,2,0,0
2,1,2,2,0,0,2,1,1,0
1,1,2,1,1,1,2,0,0,2
0,0,0,2,1,2,0,0,1,2
2,1,2,0,1,0,2,1,1,2
2,1,1,0,0,1,1,1,1,2
2,0,0,2,2,0,1,1,1,0
2,0,0,1,2,1,1,2,2,1
1,1,1,1,1,1,0,2,2,2
2,1,0,0,1,2,2,2,0,1
2,1,1,1,2,0,2,1,0,0
0,0,2,0,2,1,0,2,2,0
0,2,0,1,2,2,2,0,2,2
2,1,2,2,1,1,0,2,0,2
1,2,0,2,1,0,0,2,0,0
1,0,0,0,1,0,1,0,2,1
0,2,0,2,0,0,2,2,1,2
0,0,2,2,2,2,2,1,0,1
2,0,2,0,2,0,0,1,2,0
0,2,0,0,1,0,2,0,0,0
1,0,1,1,2,2,0,1,1,2
2,1,0,1,0,2,1,2,1,1
2,2,1,1,2,0,0,1,1,0
2,1,1,1,2,1,1,1,1,1
1,1,2,1,0,2,1,1,2,0
2,1,1,2,1,0,1,0,0,1
0,2,1,1,2,2,2,2,1,2
0,2,0,2,0,0,2,1,0,2
1,0,2,1,0,1,2,2,0,2
0,1,0,2,2,2,2,2,1,0
0,2,1,2,0,1,1,1,2,0
0,2,1,0,2,2,2,1,1,2
1,2,2,0,2,2,0,0,0,1
2,1,1,1,2,0,2,2,0,1
2,1,1,0,0,0,2,1,0,1
0,1,0,0,2,0,1,2,2,0
0,2,2,2,0,1,0,1,0,2
1,2,2,1,0,2,2,0,1,2
2,0,0,2,2,2,1,1,2,1
1,0,1,1,0,2,0,2,1,2
0,0,2,2,0,0,0,0,2,0
0,2,2,2,2,0,2,2,0,2
2,0,1,2,2,1,2,1,2,2
0,2,0,0,0,0,0,0,0,0
2,1,1,2,0,1,1,0,2,0
2,0,0,0,1,1,1,1,0,2
1,2,2,1,2,0,0,1,1,1
0,2,0,0,1,2,0,2,2,2
1,0,0,2,1,0,0,1,1,2
0,2,0,0,0,0,0,2,2,0
1,0,1,2,0,0,1,0,1,2
1,1,1,1,0,0,2,2,1,0
1,0,0,1,0,2,2,0,0,2
0,1,2,2,1,2,1,0,2,1
0,0,2,0,1,0,2,1,2,1
2,2,2,2,2,0,0,2,0,2
2,1,0,1,2,1,2,2,1,1
2,0,1,2,2,1,1,0,0,1
2,1,0,2,2,1,1,1,0,1
2,1,1,2,1,1,1,2,2,1
0,0,2,1,0,2,2,2,0,2
2,1,2,1,1,1,0,0,2,2
2,1,2,2,1,0,0,2,0,1
0,2,0,0,2,2,0,0,0,0
1,2,0,0,1,2,0,2,2,1
0,1,2,0,2,0,2,2,2,2
1,2,1,0,1,2,0,2,1,0
1,2,2,1,0,2,0,1,1,0
1,2,1,0,0,0,0,1,1,1
2,0,1,2,2,2,1,2,0,0
1,1,2,2,1,0,1,2,1,1
2,2,1,1,0,0,2,2,1,1
2,0,2,1,0,2,0,1,1,1
0,2,2,1,0,2,2,2,0,2
1,0,2,0,2,1,1,0,2,1
0,1,1,2,1,2,2,2,2,0
2,1,1,2,1,2,1,2,2,1
0,2,0,2,2,0,1,1,1,1
0,1,2,1,2,0,1,2,1,0
1,1,2,2,0,1,2,2,0,1
2,0,0,2,2,2,1,2,2,1
1,0,0,1,1,2,0,1,0,0
2,1,1,1,1,0,2,2,2,1
1,1,1,1,0,2,0,2,0,2
1,2,2,0,2,2,1,0,1,0
1,2,0,1,2,2,0,2,0,1
2,1,0,1,1,0,2,0,1,2
0,1,2,0,1,0,1,2,2,1
0,2,1,1,0,0,0,2,2,1
0,0,0,2,2,0,2,1,2,0
2,1,1,0,2,1,0,0,0,1
1,0,1,1,0,0,0,2,2,0
2,0,2,2,2,2,1,1,0,2
0,1,2,1,0,0,2,0,0,0
0,0,2,0,0,0,0,0,0,1
0,1,1,2,2,0,0,0,2,1
2,0,0,1,1,2,1,0,2,0
1,0,1,0,2,2,2,0,1,2
0,0,0,1,1,1,0,1,2,0
1,2,0,2,1,2,0,2,0,2
2,0,1,2,1,0,2,1,0,1
0,0,0,2,2,1,0,0,2,0
2,2,2,0,2,1,1,1,1,0
1,2,0,2,1,2,2,0,2,2
0,2,0,2,2,2,2,1,2,2
2,0,2,2,2,0,0,0,0,2
1,2,1,0,2,2,2,0,2,2
2,1,1,1,1,0,2,1,0,1
0,0,1,2,1,0,2,1,0,0
0,2,2,2,0,2,1,0,1,1
2,1,1,0,0,0,1,0,2,0
2,1,2,1,0,0,0,2,2,1
1,1,2,1,0,0,0,2,2,0
0,0,1,0,0,1,0,0,1,1
1,2,2,2,2,1,1,0,2,0
0,1,0,0,2,1,1,1,0,2
2,1,2,2,1,0,2,0,1,0
1,0,1,0,0,1,2,0,0,0
2,1,2,2,1,2,2,0,2,0
0,1,2,1,0,1,0,2,0,2
2,1,1,2,2,2,2,1,2,2
1,2,1,0,1,2,0,0,0,0
2,1,0,0,1,2,2,1,0,1
0,1,0,2,2,2,2,0,2,2
0,2,0,2,0,1,0,2,1,0
1,2,0,2,0,1,2,1,2,1
2,1,1,0,0,0,1,2,2,2
1,1,0,1,2,2,2,1,2,2
1,0,1,2,2,2,2,0,0,2
2,2,1,2,0,0,2,2,0,2
0,2,1,0,2,1,1,1,2,2
1,1,2,0,2,0,0,2,1,2
0,0,2,2,2,0,0,1,2,0
0,0,1,1,1,1,2,2,2,2
1,1,1,0,1,1,2,1,1,2
1,1,1,0,1,1,0,1,0,0
1,1,1,1,1,2,1,1,0,1
2,0,1,1,1,0,1,1,2,1
1,1,0,1,1,1,2,2,0,1
2,2,2,2,0,2,2,1,2,0
1,1,0,0,2,0,1,1,0,2
2,1,2,1,2,0,1,2,1,2
2,1,1,1,2,1,1,0,0,0
1,1,1,2,1,2,1,1,2,1
1,0,2,1,1,0,1,0,2,1
2,1,1,1,2,0,0,0,0,0
0,2,2,1,1,1,1,1,2,0
0,0,2,0,0,1,1,2,0,0
0,2,1,0,1,0,0,0,0,1
0,2,1,2,2,2,2,1,2,2
1,1,2,2,1,2,1,2,0,1
2,0,2,1,1,0,1,1,1,2
0,1,2,0,1,0,0,2,2,1
2,2,2,1,2,1,0,2,2,0
0,0,2,0,2,1,2,1,0,2
2,1,0,0,0,2,2,1,2,1
1,0,0,2,1,0,2,0,0,1
1,0,0,2,1,0,2,1,2,1
2,2,2,1,2,2,2,0,1,2
0,0,0,1,0,2,1,0,2,0
1,0,1,2,2,0,1,2,2,0
1,0,0,0,0,0,2,2,0,2
2,1,1,2,1,1,1,0,2,1
1,0,1,1,1,1,1,0,1,1
1,1,2,1,2,1,0,1,0,1
2,0,2,0,2,0,1,0,0,1
1,2,2,1,0,0,0,0,2,2
1,2,2,0,2,2,0,0,2,0
1,2,2,2,0,0,2,1,0,0
0,1,0,0,0,2,1,0,1,2
0,1,0,0,0,2,1,2,1,2
0,0,2,2,1,0,2,1,1,2
2,0,1,1,0,0,1,0,2,1
0,2,0,2,1,1,2,1,1,2
1,0,1,1,0,0,0,2,1,0
0,0,1,0,0,2,0,2,1,2
2,2,1,0,1,0,1,1,0,2
1,0,1,1,2,2,0,2,0,2
1,0,0,1,0,1,1,2,1,2
1,1,1,2,2,2,0,0,0,2
2,1,1,1,2,0,1,0,1,1
1,0,0,2,2,1,1,1,1,0
0,2,2,2,1,0,0,2,2,1
2,1,2,2,0,1,1,2,2,0
0,1,2,0,2,0,2,2,1,0
0,2,0,2,0,2,1,2,0,2
1,1,0,2,1,0,2,0,0,1
2,0,0,2,0,1,2,0,1,0
1,0,2,0,0,0,0,2,0,1
2,2,0,2,2,2,1,0,1,1
0,2,2,2,0,0,1,0,1,1
0,0,0,2,2,1,1,0,0,2
2,1,0,1,0,2,0,0,0,2
1,0,0,1,1,0,1,0,1,2
1,2,0,1,0,2,1,0,2,0
0,1,0,2,2,2,2,1,1,0
0,1,2,2,1,2,2,2,1,1
0,1,0,2,2,0,0,1,1,1
0,0,2,1,0,1,1,1,1,1
0,2,2,2,0,0,0,2,0,2
0,1,0,1,2,0,2,2,2,0
0,2,0,0,1,1,1,0,2,2
0,0,1,1,1,2,1,2,0,1
2,0,1,1,2,2,0,0,1,0
2,1,1,0,2,2,1,2,2,0
2,0,2,0,2,0,0,1,0,0
0,1,2,1,1,1,1,2,2,1
1,0,0,2,2,0,2,2,0,1
0,1,0,0,1,0,0,1,0,0
1,0,1,2,1,1,0,0,2,0
2,2,0,2,2,1,2,2,1,2
2,1,2,0,1,2,0,2,0,0
1,2,1,1,2,0,0,0,0,2
2,1,2,2,0,0,1,0,0,1
1,2,1,1,1,0,1,2,2,1
0,1,0,2,2,0,0,2,1,2
1,0,1,0,1,2,2,2,1,0
2,1,2,0,0,0,2,2,0,1
2,0,2,0,1,2,2,0,2,1
0,0,2,0,2,2,2,1,0,2
1,1,1,2,0,1,0,1,1,0
0,2,1,0,2,0,2,2,2,2
0,2,2,1,0,1,0,2,0,0
1,2,0,1,0,0,0,2,0,0
0,1,1,0,1,2,1,0,1,1
2,2,2,0,2,0,1,2,1,2
0,2,1,0,1,0,0,0,0,0
2,0,1,1,1,2,2,2,2,1
2,0,0,0,0,2,2,2,1,0
0,1,2,1,0,0,1,0,2,0
2,2,1,1,0,2,1,0,2,2
0,2,1,2,1,1,2,1,2,2
1,2,0,2,1,1,2,0,0,1
2,2,2,1,2,2,2,1,2,2
1,2,1,1,0,0,2,2,0,0
2,0,2,2,2,2,1,0,1,2
2,2,1,1,2,2,2,2,2,2
0,1,2,2,1,2,1,1,1,1
0,2,1,0,1,2,0,0,0,0
1,2,1,0,1,2,1,1,0,1
2,0,1,0,2,0,2,1,2,1
1,2,0,1,2,2,2,0,0,2
0,2,0,1,0,0,0,1,0,0
1,0,2,2,2,2,2,1,0,2
1,0,1,0,1,0,0,1,0,2
0,2,2,2,1,0,0,1,2,1
2,0,1,2,2,2,1,0,2,2
1,1,1,1,2,0,0,1,1,1
2,2,2,0,2,2,0,2,1,0
0,0,2,1,0,2,2,0,0,2
1,1,2,1,2,1,0,1,0,2
1,2,2,2,1,2,0,0,0,2
2,2,2,2,2,0,0,1,2,2
1,0,0,2,0,1,1,0,0,2
1,0,0,2,2,0,0,1,0,0
0,1,1,2,1,1,2,0,2,2
1,0,2,0,1,2,1,0,1,2
1,1,1,0,1,1,0,0,0,2
0,2,2,1,1,0,2,1,0,0
2,1,1,0,1,2,0,1,1,2
0,0,2,2,2,2,1,2,0,0
0,1,2,0,1,0,1,0,2,1
1,2,1,0,2,0,0,2,2,1
1,1,0,1,0,0,1,2,1,0
2,0,1,2,0,2,1,0,1,1
0,0,0,2,1,0,1,2,2,0
0,2,2,2,0,1,1,2,0,2
2,0,2,1,2,0,2,0,0,0
1,2,2,1,0,1,1,1,0,2
1,2,0,1,1,2,2,0,0,1
0,1,2,2,1,1,0,2,2,0
0,0,0,0,2,0,1,2,1,2
2,2,0,2,0,2,0,2,0,2
0,1,0,1,0,2,0,2,1,2
2,2,1,1,0,2,0,1,1,0
0,0,2,1,2,0,2,2,1,2
0,0,2,2,0,1,1,1,0,0
0,0,0,0,0,0,2,2,2,0
1,2,0,0,1,2,0,0,2,0
2,0,0,2,0,2,2,0,0,2
0,0,1,2,0,1,0,1,2,0
0,2,0,2,0,0,0,2,2,0
2,2,1,1,0,1,0,1,2,1
2,2,2,2,2,2,0,0,1,2
1,2,2,1,1,2,2,1,1,2
1,2,1,0,2,2,0,1,2,0
2,2,1,2,2,1,0,2,2,0
0,0,1,0,1,0,0,1,1,0
0,2,1,0,0,1,2,2,0,2
1,2,2,0,2,1,1,2,2,1
1,2,0,1,2,2,1,0,0,0
0,1,2,1,0,2,1,2,1,0
2,0,2,0,1,1,1,2,0,2
0,2,2,2,1,0,0,2,2,1
1,1,0,2,1,1,1,2,1,1
0,2,1,2,0,1,0,1,2,2
1,2,1,2,2,0,0,0,2,0
0,1,2,0,0,1,0,1,1,0
2,0,0,1,2,2,2,1,2,2
0,0,0,0,1,0,0,1,1,2
0,1,2,0,0,1,2,1,2,0
1,0,2,2,2,0,0,0,1,2
0,2,0,0,0,1,2,2,0,0
2,2,0,0,1,2,2,2,1,2
0,1,1,2,2,2,1,1,1,2
1,2,0,1,0,2,0,1,0,2
2,1,1,1,0,1,0,0,0,1
2,2,2,0,1,1,1,1,0,2
1,1,2,2,2,0,2,2,2,2
0,2,2,1,1,1,2,1,2,1
2,0,0,0,0,2,0,0,2,0
2,0,1,0,1,1,1,1,0,1
0,1,0,1,0,2,0,0,2,2
1,1,0,2,2,0,1,1,1,0
1,1,1,0,2,1,0,1,2,1
0,0,0,2,0,0,2,2,2,0
1,2,2,0,0,1,2,2,2,2
2,2,1,1,1,1,2,1,1,2
0,0,1,0,0,2,1,0,2,0
2,0,2,2,2,2,1,1,2,2
0,0,1,1,2,1,1,1,0,0
0,2,1,1,2,2,2,1,1,2
2,1,1,2,0,0,2,1,1,1
0,0,2,0,1,0,2,1,0,2
2,1,2,2,1,1,0,1,0,1
0,1,1,2,0,1,1,0,0,2
0,0,2,2,0,0,2,1,1,2
2,2,2,1,0,2,0,2,1,1
0,2,1,0,2,1,2,2,1,2
1,1,2,1,1,1,2,1,2,1
1,0,1,0,0,0,2,2,1,0
2,1,2,2,2,2,0,0,0,2
2,2,0,2,0,0,0,0,2,0
0,2,2,1,1,2,2,0,1,0
2,2,0,1,1,2,2,1,1,0
2,1,2,2,1,0,1,2,0,1
2,2,0,2,1,1,2,0,1,2
2,1,2,0,1,1,1,1,1,1
2,0,2,0,1,0,0,0,1,0
2,1,0,1,2,2,1,1,1,1
1,0,0,0,1,0,1,2,0,1
1,2,1,0,1,2,1,2,0,1
0,1,2,2,0,1,1,2,1,0
0,2,2,2,2,2,2,2,0,2
0,1,2,1,2,0,1,2,1,0
2,0,2,0,2,1,0,2,0,2
1,2,1,1,2,2,0,2,1,2
1,0,1,1,1,2,2,2,2,2
1,0,1,2,2,0,2,1,2,2
2,2,2,2,2,1,1,0,0,2
1,1,0,1,2,0,2,1,1,2
1,0,0,1,0,0,0,1,0,2
0,2,0,2,0,1,0,0,0,1
0,0,0,2,0,2,1,0,0,2
0,1,2,0,2,2,1,1,1,1
0,0,1,1,0,1,0,2,2,0
0,2,0,0,0,1,2,1,1,1
2,2,0,0,2,1,0,2,1,1
2,0,2,0,0,2,2,1,2,1
2,2,1,0,0,2,0,0,1,2
2,1,2,2,0,1,1,0,0,2
0,0,1,0,0,1,1,2,0,0
2,2,0,0,2,0,2,2,2,2
2,0,0,0,1,1,0,1,0,2
0,1,0,1,1,1,0,2,1,2
2,2,0,2,0,1,1,0,1,1
0,0,0,2,1,2,0,2,1,0
1,1,2,0,1,1,1,0,2,1
0,1,0,2,2,2,0,1,2,1
0,0,2,2,2,0,1,0,2,1
2,2,0,1,0,1,2,0,2,1
1,2,0,0,0,1,1,1,2,2
2,0,1,1,0,2,0,0,1,2
2,2,0,2,2,2,2,0,0,2
2,1,1,2,2,2,2,0,0,1
0,1,2,1,2,0,1,1,1,1
2,2,2,1,2,0,1,1,0,1
0,2,2,1,2,0,2,1,1,2
1,1,1,2,0,2,1,1,2,1
1,2,0,1,2,0,0,1,1,2
1,2,0,1,2,2,0,1,2,2
1,0,1,1,1,2,0,2,2,0
0,2,2,1,2,1,2,0,0,2
0,1,0,2,2,0,2,2,1,1
2,0,2,0,2,1,1,1,2,2
1,1,0,1,1,1,0,1,0,0
1,0,0,0,2,0,0,0,2,0
2,2,1,0,0,1,0,2,1,1
1,1,0,2,1,2,0,0,2,1
1,0,2,0,2,0,1,2,1,0
0,2,1,0,1,2,0,1,1,0
1,1,1,0,1,0,1,2,1,1
2,1,2,2,2,2,1,0,0,2
2,2,1,0,1,1,0,2,0,1
0,2,2,1,0,1,1,0,1,1
2,1,1,1,2,0,1,2,1,2
2,1,2,2,1,1,0,0,0,2
2,2,1,0,2,0,0,2,0,0
1,1,0,2,0,1,2,0,2,2
0,2,2,1,0,0,1,2,0,2
0,2,2,0,2,2,0,2,2,0
2,2,0,0,2,2,0,0,0,1
2,0,2,1,0,2,0,0,0,2
0,0,2,2,1,0,2,0,2,1
1,1,2,2,2,0,2,2,2,1
2,2,2,2,0,1,2,1,2,0
1,0,0,1,0,2,2,1,0,2
2,1,0,1,1,2,1,0,0,1
1,0,1,2,2,2,2,1,0,0
2,2,1,1,0,0,1,0,2,2
0,1,2,2,1,2,2,1,2,0
1,1,0,0,2,1,1,2,0,1
0,2,1,0,0,1,2,2,1,1
2,1,0,2,0,1,0,2,2,2
2,0,0,0,1,0,2,2,2,1
0,1,1,1,2,2,1,2,0,1
2,0,1,2,0,0,0,1,2,0
0,1,0,0,0,1,1,0,0,1
1,0,0,1,0,2,1,1,0,2
1,2,1,1,0,0,2,0,0,2
0,0,0,2,1,0,2,0,0,0
1,0,0,2,0,0,0,0,1,2
0,1,0,0,0,0,2,0,1,1
2,1,2,1,2,1,2,1,2,1
2,1,2,2,1,2,2,0,1,2
0,1,0,2,2,2,2,0,0,2
1,1,0,1,0,0,2,0,2,2
1,1,1,1,2,2,2,1,0,1
0,1,2,1,0,1,0,1,1,2
1,1,2,2,1,2,1,1,2,1
1,2,0,0,2,0,0,2,1,0
2,2,1,2,0,0,0,0,2,1
1,0,1,2,0,2,2,2,0,2
0,0,1,0,0,0,0,1,1,2
2,1,1,1,1,0,2,0,0,1
0,1,1,2,2,0,1,2,1,0
0,0,1,1,1,1,0,1,2,0
2,2,2,0,0,1,0,1,2,2
0,0,0,1,1,1,2,1,1,0
2,2,1,0,2,0,2,0,2,2
1,2,2,0,0,2,0,0,0,2
2,2,2,0,2,0,1,0,1,2
1,0,2,2,2,0,0,2,0,0
0,1,2,1,2,1,0,0,0,1
0,0,2,0,2,1,1,2,2,0
0,1,1,2,2,1,1,0,0,1
1,2,0,0,0,1,2,1,2,1
0,0,2,1,0,1,2,2,0,0
1,2,1,0,1,1,1,1,2,1
2,1,0,1,2,1,0,1,0,1
0,0,0,2,2,2,2,1,0,1
1,1,0,1,2,2,2,2,1,1
2,1,2,2,1,1,2,1,2,1
1,2,0,2,2,0,2,0,2,2
0,0,2,0,0,0,1,0,2,2
2,0,1,2,1,2,0,2,2,0
1,0,1,0,2,1,2,2,1,2
0,1,1,2,2,2,1,1,1,0
0,2,0,0,1,0,0,2,2,0
1,2,2,0,0,2,0,2,2,1
0,1,2,1,0,1,1,2,2,2
1,0,2,0,1,0,0,2,0,0
2,2,0,0,0,1,2,1,0,0
0,1,2,0,0,0,1,0,2,0
0,2,0,1,0,0,2,1,1,0
1,2,1,0,0,0,0,2,0,0
0,0,2,1,2,2,0,2,2,0
0,2,2,1,0,2,1,0,0,2
2,0,0,0,0,2,2,2,2,1
0,2,2,2,0,0,0,0,0,0
2,0,0,1,2,2,0,2,2,0
0,0,0,2,0,0,0,1,0,0
0,2,2,1,1,0,0,2,1,2
1,1,2,2,2,2,2,2,2,2
0,1,2,0,1,2,0,1,1,1
0,0,2,1,1,1,1,2,0,0
2,2,2,1,0,2,0,0,0,2
0,2,2,1,1,2,2,0,2,1
2,2,2,0,0,2,2,0,1,2
2,0,0,1,2,1,1,1,0,0
1,2,1,1,0,1,2,1,1,1
1,1,2,1,2,2,2,2,0,1
1,0,0,0,1,1,0,1,0,0
0,2,2,2,2,0,2,0,0,2
1,0,0,0,2,0,0,2,1,1
2,2,1,1,0,2,0,2,0,2
2,2,1,0,0,1,1,0,0,2
2,2,0,0,2,2,2,2,0,2
2,0,1,1,2,1,1,2,1,0
0,2,0,0,1,0,0,1,1,0
1,2,0,1,2,2,2,1,2,2
0,1,1,0,0,1,1,0,1,1
2,1,0,0,0,2,0,0,0,2
1,2,0,1,1,1,0,0,1,0
0,2,1,2,1,1,2,2,2,2
0,0,0,0,0,2,0,1,0,2
0,1,0,2,1,0,1,0,1,1
1,1,1,1,0,1,2,0,0,2
1,1,2,2,2,1,2,0,2,1
0,0,0,0,2,2,1,1,1,2
1,0,2,2,2,1,1,2,2,0
2,1,1,0,1,2,1,2,0,1
1,2,0,1,0,1,1,1,1,2
2,1,2,2,0,0,0,2,1,1
1,1,2,0,2,1,1,1,1,2
2,1,1,0,0,2,1,0,1,0
1,1,1,1,2,2,2,1,1,2
2,0,0,2,1,1,0,0,2,0
1,2,0,0,0,1,2,2,2,1
1,1,1,2,1,1,2,2,2,0
1,2,2,0,0,2,2,1,2,2
0,1,2,0,0,2,2,2,0,2
2,1,0,0,2,0,2,2,1,0
2,0,2,1,2,0,0,2,1,1
0,1,2,2,0,2,0,2,0,2
0,2,1,0,2,0,1,1,0,0
0,1,2,2,1,1,1,1,1,1
1,1,1,2,2,2,0,1,0,1
2,1,1,1,1,1,1,0,1,1
0,1,2,2,2,1,2,0,1,0
1,0,2,0,1,0,2,0,2,1
1,0,0,0,1,2,2,1,1,2
0,2,0,0,0,2,2,0,0,2
0,2,2,0,1,0,1,0,1,1
0,0,2,1,0,2,2,0,1,0
1,1,0,1,0,1,1,2,0,1
2,1,1,0,2,2,2,0,1,2
2,0,2,1,0,0,2,1,1,0
1,2,1,0,2,1,0,0,1,1
0,0,2,0,0,1,1,0,1,2
0,1,1,1,2,2,1,1,1,0
0,2,1,1,2,2,1,2,2,1
1,2,1,0,2,0,1,1,0,1
0,0,0,2,0,1,2,0,2,1
2,2,0,0,2,0,1,1,0,1
0,0,1,0,2,0,1,1,0,0
2,1,2,0,0,0,1,2,1,2
2,0,2,0,2,1,2,1,1,0
1,1,2,2,0,0,0,0,1,1
2,2,2,2,2,2,1,1,0,2
0,2,1,0,1,1,2,1,0,1
2,2,0,2,1,0,2,2,1,2
2,2,2,0,1,2,2,2,2,0
0,1,0,2,0,2,0,2,1,1
1,0,0,2,1,0,0,2,1,1
1,1,1,2,0,1,0,1,1,0
0,0,1,2,2,0,2,2,1,2
0,2,2,0,1,0,0,2,2,1
1,2,1,2,2,2,1,2,1,2
2,0,0,0,0,2,0,2,0,2
1,2,1,0,0,0,0,0,1,2
0,0,2,1,1,1,1,1,2,2
1,2,1,1,0,0,0,2,1,0
0,2,2,0,1,2,1,0,1,1
1,2,0,1,1,0,2,0,1,0
0,2,2,2,2,0,2,0,1,2
1,0,2,0,0,1,2,2,2,2
2,0,0,2,1,0,2,1,2,1
1,1,2,1,2,1,1,2,0,0
2,0,0,1,0,2,2,0,1,1
0,1,1,2,2,0,1,1,1,2
2,1,1,2,0,1,0,1,0,2
1,2,0,1,0,0,0,1,0,2
2,1,0,2,1,2,2,1,2,1
0,1,2,1,1,1,2,2,0,1
1,1,1,1,0,1,2,0,1,2
0,2,0,0,0,2,1,0,1,2
0,0,2,2,2,2,1,1,1,1
0,2,0,2,1,1,1,0,2,0
2,0,0,2,1,2,2,1,0,0
2,2,1,2,0,2,0,2,0,2
0,0,0,0,2,1,1,1,1,2
1,1,1,2,0,0,2,2,2,2
1,0,0,1,2,1,2,2,0,0
0,2,0,1,2,0,2,0,1,2
2,2,2,0,1,2,0,0,1,0
0,0,2,2,2,2,0,1,0,2
0,2,2,1,2,1,1,1,0,0
2,1,0,1,1,0,1,2,2,1
0,0,2,0,1,1,0,1,2,0
0,2,2,2,0,1,1,0,1,2
2,2,2,0,1,2,0,2,2,2
1,0,0,1,0,0,1,1,1,2
1,2,1,0,1,0,2,1,0,2
1,1,2,0,0,0,0,1,2,2
0,1,1,2,0,1,1,2,0,0
0,1,1,1,2,2,1,0,2,2
0,2,2,1,1,0,1,1,2,1
1,0,0,1,1,1,1,0,1,2
0,2,0,0,1,2,1,2,1,1
2,0,2,1,2,2,1,0,2,2
0,1,2,2,0,2,0,1,0,2
1,2,2,1,0,2,1,2,1,2
2,0,0,2,1,0,1,2,0,1
2,0,0,1,1,0,2,2,1,0
1,0,1,2,0,0,2,0,0,0
2,0,1,1,0,1,0,1,2,0
2,0,1,2,1,1,2,1,2,1
2,1,0,2,1,1,2,0,1,0
2,2,1,0,1,0,0,0,2,1
2,0,1,2,2,2,0,1,2,0
1,1,2,0,1,2,2,1,1,2
1,1,0,0,0,2,0,0,2,0
0,1,2,0,2,1,1,0,1,0
2,1,0,1,0,2,2,0,2,2
2,0,2,2,1,1,1,2,2,0
2,2,0,2,1,0,2,1,0,2
0,2,1,1,1,2,0,0,1,0
0,2,1,1,0,0,1,1,2,2
2,0,2,1,2,0,1,0,0,1
0,0,1,2,0,0,2,1,2,1
0,2,0,1,2,1,0,2,1,0
1,1,1,1,1,1,1,2,1,1
1,1,0,0,1,2,1,1,1,1
0,1,2,0,1,0,2,2,2,1
1,1,1,0,2,0,2,0,1,2
0,1,1,1,2,0,0,0,0,0
1,2,1,0,1,0,2,2,1,0
2,1,2,2,2,0,1,0,1,2
0,1,2,1,1,2,2,1,2,2
0,0,0,2,2,1,2,0,0,0
1,1,2,0,1,2,2,1,1,0
0,1,0,1,2,1,1,1,0,2
0,1,2,0,0,0,0,1,1,1
1,1,2,0,0,1,1,1,0,1
2,0,1,0,0,0,0,2,2,0
2,1,1,0,0,0,0,2,1,0
0,1,0,2,2,1,2,0,2,1
0,0,0,0,2,2,1,1,1,0
1,0,1,2,0,2,0,0,1,0
1,1,0,0,2,1,2,0,2,1
2,1,0,0,1,0,2,1,2,1
1,2,2,0,1,0,1,1,2,1
0,1,1,0,0,1,1,1,0,1
0,1,2,1,2,2,0,1,0,1
2,0,0,0,2,0,0,0,1,0
1,2,2,0,1,0,1,2,0,0
0,2,1,0,0,2,2,0,0,2
1,1,1,1,1,1,0,2,1,0
2,2,0,2,2,0,1,0,1,1
2,0,0,1,1,1,2,2,0,1
1,2,0,2,0,1,0,2,2,1
1,0,1,1,1,1,2,2,0,2
2,0,2,2,1,1,0,1,2,0
1,2,2,1,0,1,1,2,0,2
2,1,2,1,0,1,2,1,1,2
0,1,0,1,2,1,0,0,1,1
0,1,1,2,0,2,0,1,0,2
0,2,0,0,1,0,0,0,1,0
1,2,1,0,1,0,0,1,1,0
1,2,0,2,0,0,1,2,1,0
1,0,2,0,1,2,2,1,1,0
1,2,2,1,0,1,0,0,0,2
0,0,1,2,0,0,0,1,0,1
2,0,2,2,1,2,0,2,2,0
2,0,0,1,0,2,1,2,2,2
1,1,2,2,0,1,0,2,0,0
2,1,0,2,2,2,2,0,1,2
0,2,1,2,2,2,0,1,0,2
0,2,1,0,1,0,2,2,0,2
1,1,0,2,2,2,1,0,1,1
2,2,2,2,0,2,2,2,1,2
0,1,2,2,2,2,0,2,2,0
0,0,0,2,0,1,2,1,0,0
1,0,2,0,2,2,1,1,1,1
2,2,0,2,2,0,1,0,0,0
2,1,2,2,0,1,1,2,1,1
2,2,2,2,2,2,0,1,1,2
0,0,0,0,2,1,0,0,0,0
0,2,2,0,0,2,0,0,0,2
2,2,0,0,2,0,1,0,0,1
2,2,2,2,1,1,2,1,0,0
2,2,2,1,2,0,2,0,1,2
0,1,0,0,0,1,0,2,0,1
0,2,1,0,1,1,0,0,2,2
2,1,0,1,0,2,0,1,1,2
1,2,2,1,0,0,0,2,0,2
1,1,0,1,1,0,2,0,2,1
0,2,0,2,0,0,1,2,2,0
1,1,2,0,1,1,0,1,1,0
0,1,2,2,2,1,1,2,2,2
0,1,0,2,0,1,1,0,0,0
1,1,0,0,0,0,0,0,0,0
0,1,1,1,2,0,1,0,0,0
2,0,2,0,0,1,2,1,2,0
1,1,1,2,1,1,0,2,2,0
0,1,0,1,2,2,0,0,1,1
1,2,1,0,2,1,0,0,1,2
2,1,1,2,2,2,0,0,1,1
1,2,2,0,0,0,0,0,0,1
2,0,2,0,1,1,0,1,0,0
2,2,2,2,1,0,2,1,0,0
2,1,0,0,1,2,0,0,0,2
0,1,1,0,1,0,0,1,0,0
2,0,0,1,1,0,2,1,1,0
2,0,1,2,0,0,2,2,2,2
1,1,1,0,1,2,1,2,2,1
0,1,2,0,1,2,2,0,2,2
2,2,0,1,2,1,1,0,2,1
2,2,1,1,0,2,1,1,2,2
0,0,0,0,1,2,0,0,2,0
1,2,1,2,2,0,2,2,1,2
1,0,2,2,2,1,2,2,1,0
2,0,1,1,1,2,2,2,1,1
2,1,0,1,1,1,2,2,0,0
2,1,0,0,0,1,2,2,1,1
2,2,2,2,2,0,1,2,1,2
2,0,0,1,1,1,0,2,2,0
2,2,0,1,0,0,1,0,2,2
2,1,0,1,0,1,2,1,2,0
1,0,0,1,2,2,1,2,1,2
2,2,1,0,2,0,0,0,2,1
0,2,0,2,2,2,0,0,2,1
2,1,0,2,0,0,2,2,1,0
1,0,0,2,2,2,2,0,0,0
1,0,2,1,0,2,0,1,0,2
2,0,2,0,2,0,0,0,2,0
1,1,2,2,1,1,2,0,2,2
0,1,2,2,1,2,2,0,2,1
1,0,2,0,1,1,2,0,1,1
1,0,1,2,0,0,0,2,0,2
2,0,0,2,2,1,2,1,1,0
1,0,0,1,2,1,2,1,2,0
2,2,2,1,1,1,2,0,0,0
2,2,1,1,0,0,0,2,2,0
2,2,1,1,2,0,1,1,2,2
0,0,2,0,2,1,0,2,1,0
0,1,0,0,2,2,0,0,0,1
2,0,0,0,0,2,1,0,1,1
1,0,0,2,1,0,1,2,0,0
2,2,2,0,2,1,1,2,0,2
0,2,0,2,0,2,2,1,2,0
0,2,0,1,0,1,2,1,1,0
0,0,0,2,2,0,2,0,0,1
1,1,2,2,2,1,0,1,2,1
0,0,1,1,1,0,2,2,2,1
2,2,1,2,0,2,2,2,1,1
1,1,1,1,0,2,1,1,0,1
1,0,2,0,1,2,0,0,0,1
0,1,1,2,2,1,1,0,0,2
0,1,0,0,2,2,0,1,1,0
0,2,2,1,0,2,0,2,1,0
2,2,2,0,0,2,1,0,2,2
2,0,0,0,0,1,2,1,2,0
2,0,2,0,2,2,0,0,1,1
2,1,0,0,2,0,1,0,1,2
1,0,1,0,1,1,0,2,2,0
2,1,0,0,2,1,2,0,2,1
0,0,0,2,1,0,0,0,1,2
2,2,0,1,1,2,1,1,2,1
0,2,0,1,1,1,0,0,2,2
1,2,1,0,0,0,1,2,1,0
2,1,0,0,0,0,0,1,2,2
0,1,0,2,1,2,0,0,0,1
1,2,1,1,1,2,2,0,1,0
2,2,0,1,1,2,2,1,0,1
1,0,2,0,2,2,0,2,1,1
2,1,2,0,0,0,1,2,2,2
0,2,0,2,1,2,1,2,2,1
2,0,1,1,0,2,0,2,1,0
0,2,1,1,0,1,0,2,0,2
2,1,1,0,0,2,1,2,0,2
0,1,0,2,0,2,2,2,1,0
2,0,2,0,0,0,1,0,0,1
1,2,1,1,1,2,1,1,2,1
0,0,0,0,0,1,2,0,2,0
2,0,2,0,1,2,0,2,2,0
0,0,2,0,2,1,1,2,2,1
2,2,2,0,0,1,1,0,1,1
2,2,2,1,2,0,1,2,2,0
0,1,2,1,0,2,0,1,1,2
0,0,2,0,1,0,0,1,0,2
2,0,1,1,1,0,1,0,0,1
1,1,1,1,0,1,2,0,1,1
1,0,0,0,1,0,0,0,2,0
1,2,0,0,0,2,0,1,1,0
0,1,0,0,2,0,2,2,0,2
1,2,1,0,0,1,0,1,2,2
0,2,0,0,0,2,0,2,2,2
0,1,2,2,1,0,2,0,0,0
2,0,2,1,2,2,0,2,1,2
0,1,1,1,2,1,0,2,0,2
2,0,0,0,2,1,1,0,2,2
0,1,2,1,2,1,0,1,2,1
0,0,0,0,1,2,1,0,1,0
1,1,0,0,1,2,2,1,0,1
2,0,2,0,2,1,2,2,2,2
2,0,2,1,2,2,2,0,1,1
1,0,1,2,1,2,0,0,1,2
0,1,2,2,2,1,0,1,0,1
1,0,2,0,1,1,0,1,1,1
2,1,1,1,0,1,0,0,0,2
1,1,0,2,1,1,0,0,1,0
0,1,1,1,0,2,2,0,0,2
1,0,0,2,0,2,2,1,1,1
1,0,0,2,2,2,1,1,2,1
1,1,2,1,1,1,0,0,2,1
2,1,1,2,2,2,1,2,2,0
0,2,2,1,1,1,0,0,1,1
1,1,2,2,1,0,2,0,2,1
0,2,2,0,0,2,0,1,1,0
1,0,2,2,0,0,1,2,2,1
1,2,1,0,0,1,2,2,1,1
0,2,0,0,0,0,0,1,1,0
2,0,1,0,0,2,1,0,0,2
1,2,1,1,0,0,2,0,2,2
2,1,1,0,1,2,1,1,2,1
0,2,1,2,2,1,1,0,1,0
1,1,0,0,1,2,2,1,0,0
2,0,1,2,2,2,0,2,1,1
1,2,2,2,1,0,2,1,1,1
1,0,2,1,2,2,0,2,2,0
0,2,2,1,0,1,1,0,0,0
1,0,0,2,2,1,0,0,1,2
0,2,2,0,1,1,1,2,0,2
1,0,2,2,1,2,2,1,0,1
2,1,1,2,2,0,1,2,1,2
1,1,2,0,2,2,2,0,2,1
2,0,2,0,2,2,2,0,0,0
0,1,0,0,1,2,2,1,1,0
1,0,2,1,2,0,2,1,1,0
1,2,2,0,1,0,2,2,1,2
0,1,2,2,1,2,2,0,2,2
0,2,2,2,1,2,0,2,1,0
2,2,0,1,0,0,2,0,1,1
1,2,0,1,2,0,1,0,1,1
2,2,1,1,2,0,2,1,0,2
0,2,2,1,0,2,0,2,0,2
1,1,2,1,1,0,1,0,1,1
0,2,2,1,0,1,1,2,0,2
0,1,0,1,1,2,2,2,1,1
0,2,2,0,1,1,2,0,0,2
0,2,2,0,0,2,1,2,0,2
2,2,1,0,0,0,0,2,0,0
0,1,0,0,1,0,1,1,1,1
0,1,0,1,1,0,0,0,2,0
2,1,1,0,2,2,2,0,1,2
0,1,1,2,1,0,0,1,2,1
0,2,2,2,2,0,1,2,0,0
1,1,1,0,0,0,0,2,1,1
1,0,0,0,1,2,1,1,0,0
1,1,2,1,0,1,2,0,2,1
1,2,2,2,2,2,0,1,2,2
2,0,0,2,2,1,0,2,0,1
2,2,1,2,0,2,0,2,2,0
2,0,0,1,2,0,2,1,1,2
0,0,1,0,2,1,0,2,2,0
2,0,2,0,2,1,1,2,2,1
0,1,1,2,2,1,1,1,2,2
1,2,2,0,0,2,0,0,0,2
0,1,2,2,1,2,2,2,2,0
1,0,1,2,2,0,1,2,0,1
2,2,1,2,0,2,1,2,2,0
0,2,2,2,1,2,1,0,1,0
2,1,1,2,2,1,0,2,0,1
1,1,2,0,0,2,2,1,2,0
1,1,2,0,0,2,2,0,1,1
2,0,1,1,1,2,1,0,0,1
2,1,0,1,1,0,1,1,1,1
1,0,0,1,2,1,0,0,2,0
1,1,0,0,1,1,1,2,2,1
2,0,0,2,0,0,2,2,0,0
0,1,2,0,0,2,2,2,0,2
1,2,0,1,0,0,1,2,1,0
0,0,0,2,2,2,1,2,2,0
2,2,0,2,0,2,1,2,2,2
1,2,2,0,2,1,2,1,2,2
1,1,1,2,1,2,0,2,0,2
0,1,0,0,0,1,1,2,2,0
1,2,2,0,1,0,2,0,0,0
0,2,2,2,0,0,0,2,1,1
1,2,0,0,2,0,2,0,0,2
1,1,1,0,0,2,2,2,2,2
2,2,1,2,0,0,0,0,2,1
1,2,1,1,0,2,1,0,2,1
1,2,1,1,2,0,0,1,0,0
1,2,1,2,0,1,1,1,2,1
1,1,2,0,0,1,0,1,1,2
1,1,1,1,0,0,2,0,1,1
1,2,0,1,1,2,1,0,1,0
1,0,2,2,2,2,1,1,0,0
1,2,1,2,1,2,0,2,0,2
2,0,1,2,0,1,1,2,0,1
0,2,2,1,1,0,0,0,0,1
1,0,0,0,0,0,1,0,2,2
1,0,0,1,1,1,1,2,2,1
2,2,1,2,0,0,0,1,0,1
0,0,1,1,0,0,0,1,0,0
0,2,2,0,0,0,2,1,1,1
2,0,2,2,2,2,2,2,0,2
1,1,2,1,2,0,1,0,0,2
2,1,2,2,2,0,1,2,2,2
0,1,2,1,1,0,2,1,0,1
2,2,2,0,0,1,2,2,2,0
0,2,2,2,2,1,1,0,1,1
1,0,1,0,0,1,0,0,0,2
2,1,0,1,2,2,0,0,0,0
2,1,2,0,2,0,1,2,2,1
0,0,0,2,1,0,0,2,2,0
1,0,0,2,1,2,2,0,0,0
2,0,1,1,1,0,0,2,1,0
1,0,0,2,2,0,2,0,0,2
0,2,1,0,2,2,0,0,1,2
1,0,0,2,2,0,0,0,0,1
1,0,2,1,2,2,0,1,1,1
1,0,2,2,1,0,1,1,1,2
2,0,0,0,1,1,0,2,2,0
1,0,0,2,1,2,2,2,2,1
1,1,0,2,2,0,0,1,0,1
1,1,2,2,2,0,2,0,2,1
0,0,1,2,1,2,0,2,2,0
2,2,1,0,1,0,0,2,0,0
1,1,0,2,1,2,2,2,2,0
1,2,1,0,1,2,0,1,1,2
1,1,1,1,2,0,2,0,1,0
0,2,1,0,1,1,0,2,1,1
2,1,1,0,0,2,1,0,0,2
2,2,0,0,0,0,2,0,2,0
2,2,1,2,0,0,2,0,1,0
0,0,2,0,0,1,1,0,0,1
2,0,2,2,2,1,2,0,0,2
1,0,0,2,2,2,1,1,1,0
1,1,1,1,1,1,0,2,1,1
0,2,0,0,0,0,2,2,1,0
2,2,0,1,2,2,0,1,0,0
1,0,0,2,2,0,2,2,1,0
1,1,1,1,1,0,0,2,1,0
0,1,1,0,1,0,1,1,2,1
2,2,1,2,2,1,0,0,2,1
2,1,1,0,0,2,1,0,1,0
1,1,1,1,0,2,0,1,0,2
2,2,2,2,0,1,1,2,0,2
0,1,0,0,2,0,0,0,1,0
2,1,0,1,2,0,0,0,2,0
2,2,0,1,1,0,1,1,0,0
2,0,2,0,0,1,0,1,0,1
0,1,1,0,2,2,1,1,2,0
0,1,1,0,2,1,1,1,1,2
2,2,0,0,2,0,0,2,1,0
0,0,1,0,0,1,1,2,2,0
1,1,2,1,0,1,1,0,2,2
1,1,1,0,1,0,1,1,2,1
0,1,0,2,0,0,0,2,0,0
0,1,1,0,1,0,0,1,0,2
1,0,1,1,2,1,1,1,1,1
1,1,0,2,0,2,0,0,1,2
0,1,0,2,2,0,2,2,1,0
0,1,1,0,1,1,2,2,2,1
2,1,2,1,1,2,2,2,2,1
0,0,1,2,1,2,0,2,1,2
0,0,1,2,1,2,2,2,0,2
0,1,1,1,1,0,0,0,0,0
0,1,0,2,1,2,2,0,0,2
1,1,0,1,2,2,0,1,2,0
2,2,2,0,0,1,1,2,2,1
2,1,1,1,1,2,2,1,0,0
2,0,1,0,0,0,1,1,1,0
2,1,1,1,1,2,1,2,2,1
2,2,1,2,1,1,1,0,0,1
1,1,2,2,0,2,1,0,2,1
0,2,0,1,2,2,2,2,1,2
2,1,0,0,1,1,2,2,1,2
2,1,0,0,2,0,1,2,1,2
1,0,2,1,2,2,2,0,2,1
2,1,1,2,1,1,1,1,1,1
1,0,2,2,2,0,0,2,0,2
1,2,0,1,0,2,0,1,1,2
0,1,2,2,0,0,2,0,1,0
2,2,0,1,1,1,1,1,0,0
2,1,0,1,2,1,0,2,1,2
2,0,0,0,1,1,1,2,1,0
1,1,0,1,1,1,2,0,0,1
0,2,2,0,2,2,0,2,2,2
0,2,1,2,0,2,2,2,0,2
2,1,2,1,2,0,0,1,1,0
1,0,1,1,0,2,2,2,0,2
2,0,1,1,0,0,2,1,0,0
1,2,1,1,2,0,0,2,2,2
1,1,1,0,0,2,0,2,2,2
2,0,0,0,1,2,0,1,0,0
2,0,0,1,1,2,0,2,1,1
0,0,1,1,1,2,0,1,0,0
2,0,2,1,1,0,1,1,0,1
0,1,1,0,1,0,1,1,0,1
2,0,2,2,1,2,2,1,0,2
0,2,2,0,2,0,2,0,0,2
2,1,2,0,2,1,1,0,1,1
1,1,2,2,1,0,1,0,0,1
2,2,1,0,0,0,1,0,0,2
2,2,0,1,0,1,0,2,0,2
1,0,1,2,1,2,1,0,1,2
0,1,0,2,2,1,2,2,1,2
